locationid,location,iso3,time,population
4,Afghanistan,AFG,1990,10694796
4,Afghanistan,AFG,2000,19542983
4,Afghanistan,AFG,2010,28189672
4,Afghanistan,AFG,2020,38972231
8,Albania,ALB,1990,3295066
8,Albania,ALB,2000,3182021
8,Albania,ALB,2010,2913400
8,Albania,ALB,2020,2866849
12,Algeria,DZA,1990,25518074
12,Algeria,DZA,2000,30774621
12,Algeria,DZA,2010,35856344
12,Algeria,DZA,2020,43451666
16,American Samoa,ASM,1990,47818
16,American Samoa,ASM,2000,58230
16,American Samoa,ASM,2010,54850
16,American Samoa,ASM,2020,46189
20,Andorra,AND,1990,53570
20,Andorra,AND,2000,66098
20,Andorra,AND,2010,71520
20,Andorra,AND,2020,77700
24,Angola,AGO,1990,11828638
24,Angola,AGO,2000,16394062
24,Angola,AGO,2010,23364186
24,Angola,AGO,2020,33428486
28,Antigua and Barbuda,ATG,1990,63328
28,Antigua and Barbuda,ATG,2000,75055
28,Antigua and Barbuda,ATG,2010,85695
28,Antigua and Barbuda,ATG,2020,92664
31,Azerbaijan,AZE,1990,7427836
31,Azerbaijan,AZE,2000,8190337
31,Azerbaijan,AZE,2010,9237203
31,Azerbaijan,AZE,2020,10284951
32,Argentina,ARG,1990,32637657
32,Argentina,ARG,2000,37070774
32,Argentina,ARG,2010,41100123
32,Argentina,ARG,2020,45036032
36,Australia,AUS,1990,17048003
36,Australia,AUS,2000,19017963
36,Australia,AUS,2010,22019169
36,Australia,AUS,2020,25670051
40,Austria,AUT,1990,7678729
40,Austria,AUT,2000,8010429
40,Austria,AUT,2010,8362829
40,Austria,AUT,2020,8907777
44,Bahamas,BHS,1990,270679
44,Bahamas,BHS,2000,325014
44,Bahamas,BHS,2010,373272
44,Bahamas,BHS,2020,406472
48,Bahrain,BHR,1990,517419
48,Bahrain,BHR,2000,711442
48,Bahrain,BHR,2010,1213645
48,Bahrain,BHR,2020,1477469
50,Bangladesh,BGD,1990,107147651
50,Bangladesh,BGD,2000,129193327
50,Bangladesh,BGD,2010,148391140
50,Bangladesh,BGD,2020,167420951
51,Armenia,ARM,1990,3556540
51,Armenia,ARM,2000,3168524
51,Armenia,ARM,2010,2946293
51,Armenia,ARM,2020,2805609
52,Barbados,BRB,1990,258868
52,Barbados,BRB,2000,264657
52,Barbados,BRB,2010,274711
52,Barbados,BRB,2020,280693
56,Belgium,BEL,1990,9959561
56,Belgium,BEL,2000,10264343
56,Belgium,BEL,2010,10877947
56,Belgium,BEL,2020,11561717
60,Bermuda,BMU,1990,57470
60,Bermuda,BMU,2000,61371
60,Bermuda,BMU,2010,63447
60,Bermuda,BMU,2020,64031
64,Bhutan,BTN,1990,558442
64,Bhutan,BTN,2000,587207
64,Bhutan,BTN,2010,705517
64,Bhutan,BTN,2020,772506
68,Bolivia (Plurinational State of),BOL,1990,7096194
68,Bolivia (Plurinational State of),BOL,2000,8592656
68,Bolivia (Plurinational State of),BOL,2010,10223270
68,Bolivia (Plurinational State of),BOL,2020,11936162
70,Bosnia and Herzegovina,BIH,1990,4494311
70,Bosnia and Herzegovina,BIH,2000,4179350
70,Bosnia and Herzegovina,BIH,2010,3811088
70,Bosnia and Herzegovina,BIH,2020,3318408
72,Botswana,BWA,1990,1341474
72,Botswana,BWA,2000,1726985
72,Botswana,BWA,2010,2091664
72,Botswana,BWA,2020,2546402
76,Brazil,BRA,1990,150706446
76,Brazil,BRA,2000,175873720
76,Brazil,BRA,2010,196353492
76,Brazil,BRA,2020,213196304
84,Belize,BLZ,1990,182590
84,Belize,BLZ,2000,240406
84,Belize,BLZ,2010,322107
84,Belize,BLZ,2020,394921
90,Solomon Islands,SLB,1990,324171
90,Solomon Islands,SLB,2000,429979
90,Solomon Islands,SLB,2010,540394
90,Solomon Islands,SLB,2020,691191
92,British Virgin Islands,VGB,1990,15617
92,British Virgin Islands,VGB,2000,20104
92,British Virgin Islands,VGB,2010,27556
92,British Virgin Islands,VGB,2020,30910
96,Brunei Darussalam,BRN,1990,261928
96,Brunei Darussalam,BRN,2000,333927
96,Brunei Darussalam,BRN,2010,396053
96,Brunei Darussalam,BRN,2020,441725
100,Bulgaria,BGR,1990,8767778
100,Bulgaria,BGR,2000,8097692
100,Bulgaria,BGR,2010,7592273
100,Bulgaria,BGR,2020,6979175
104,Myanmar,MMR,1990,40099553
104,Myanmar,MMR,2000,45538332
104,Myanmar,MMR,2010,49390988
104,Myanmar,MMR,2020,53423198
108,Burundi,BDI,1990,5483794
108,Burundi,BDI,2000,6307660
108,Burundi,BDI,2010,9126606
108,Burundi,BDI,2020,12220227
112,Belarus,BLR,1990,10428525
112,Belarus,BLR,2000,10256483
112,Belarus,BLR,2010,9731427
112,Belarus,BLR,2020,9633741
116,Cambodia,KHM,1990,8910808
116,Cambodia,KHM,2000,12118841
116,Cambodia,KHM,2010,14363532
116,Cambodia,KHM,2020,16396860
120,Cameroon,CMR,1990,11430520
120,Cameroon,CMR,2000,15091595
120,Cameroon,CMR,2010,19878037
120,Cameroon,CMR,2020,26491087
124,Canada,CAN,1990,27657205
124,Canada,CAN,2000,30683313
124,Canada,CAN,2010,33963413
124,Canada,CAN,2020,37888705
132,Cabo Verde,CPV,1990,364564
132,Cabo Verde,CPV,2000,458251
132,Cabo Verde,CPV,2010,521213
132,Cabo Verde,CPV,2020,582640
136,Cayman Islands,CYM,1990,26028
136,Cayman Islands,CYM,2000,39659
136,Cayman Islands,CYM,2010,54074
136,Cayman Islands,CYM,2020,67311
140,Central African Republic,CAF,1990,2809221
140,Central African Republic,CAF,2000,3759170
140,Central African Republic,CAF,2010,4660067
140,Central African Republic,CAF,2020,5343020
144,Sri Lanka,LKA,1990,17204094
144,Sri Lanka,LKA,2000,18776371
144,Sri Lanka,LKA,2010,20668558
144,Sri Lanka,LKA,2020,21715080
148,Chad,TCD,1990,5827069
148,Chad,TCD,2000,8259137
148,Chad,TCD,2010,11894727
148,Chad,TCD,2020,16644702
152,Chile,CHL,1990,13342868
152,Chile,CHL,2000,15351799
152,Chile,CHL,2010,17004162
152,Chile,CHL,2020,19300315
156,China,CHN,1990,1153704253
156,China,CHN,2000,1264099069
156,China,CHN,2010,1348191368
156,China,CHN,2020,1424929781
158,"China, Taiwan Province of China",TWN,1990,20586174
158,"China, Taiwan Province of China",TWN,2000,22194731
158,"China, Taiwan Province of China",TWN,2010,23083083
158,"China, Taiwan Province of China",TWN,2020,23821465
170,Colombia,COL,1990,32601393
170,Colombia,COL,2000,39215136
170,Colombia,COL,2010,44816108
170,Colombia,COL,2020,50930663
174,Comoros,COM,1990,431119
174,Comoros,COM,2000,536758
174,Comoros,COM,2010,656024
174,Comoros,COM,2020,806166
175,Mayotte,MYT,1990,92659
175,Mayotte,MYT,2000,159216
175,Mayotte,MYT,2010,211786
175,Mayotte,MYT,2020,305587
178,Congo,COG,1990,2385435
178,Congo,COG,2000,3134030
178,Congo,COG,2010,4437884
178,Congo,COG,2020,5702174
180,Dem. Rep. of the Congo,COD,1990,35987541
180,Dem. Rep. of the Congo,COD,2000,48616317
180,Dem. Rep. of the Congo,COD,2010,66391257
180,Dem. Rep. of the Congo,COD,2020,92853165
184,Cook Islands,COK,1990,17123
184,Cook Islands,COK,2000,15897
184,Cook Islands,COK,2010,17212
184,Cook Islands,COK,2020,17029
188,Costa Rica,CRI,1990,3158254
188,Costa Rica,CRI,2000,3979193
188,Costa Rica,CRI,2010,4622252
188,Costa Rica,CRI,2020,5123105
191,Croatia,HRV,1990,4873707
191,Croatia,HRV,2000,4548434
191,Croatia,HRV,2010,4368682
191,Croatia,HRV,2020,4096870
192,Cuba,CUB,1990,10626680
192,Cuba,CUB,2000,11105791
192,Cuba,CUB,2010,11290418
192,Cuba,CUB,2020,11300698
196,Cyprus,CYP,1990,788500
196,Cyprus,CYP,2000,948238
196,Cyprus,CYP,2010,1129686
196,Cyprus,CYP,2020,1237537
203,Czechia,CZE,1990,10301193
203,Czechia,CZE,2000,10234710
203,Czechia,CZE,2010,10464749
203,Czechia,CZE,2020,10530954
204,Benin,BEN,1990,5133420
204,Benin,BEN,2000,6998023
204,Benin,BEN,2010,9445710
204,Benin,BEN,2020,12643123
208,Denmark,DNK,1990,5144624
208,Denmark,DNK,2000,5340655
208,Denmark,DNK,2010,5550849
208,Denmark,DNK,2020,5825641
212,Dominica,DMA,1990,69482
212,Dominica,DMA,2000,68346
212,Dominica,DMA,2010,68755
212,Dominica,DMA,2020,71995
214,Dominican Republic,DOM,1990,7129004
214,Dominican Republic,DOM,2000,8540792
214,Dominican Republic,DOM,2010,9775755
214,Dominican Republic,DOM,2020,10999664
218,Ecuador,ECU,1990,10449838
218,Ecuador,ECU,2000,12626507
218,Ecuador,ECU,2010,14989586
218,Ecuador,ECU,2020,17588596
222,El Salvador,SLV,1990,5367179
222,El Salvador,SLV,2000,5958482
222,El Salvador,SLV,2010,6114035
222,El Salvador,SLV,2020,6292731
226,Equatorial Guinea,GNQ,1990,465549
226,Equatorial Guinea,GNQ,2000,684977
226,Equatorial Guinea,GNQ,2010,1094525
226,Equatorial Guinea,GNQ,2020,1596049
231,Ethiopia,ETH,1990,47878074
231,Ethiopia,ETH,2000,67031867
231,Ethiopia,ETH,2010,89237791
231,Ethiopia,ETH,2020,117190911
232,Eritrea,ERI,1990,2149960
232,Eritrea,ERI,2000,2392880
232,Eritrea,ERI,2010,3147727
232,Eritrea,ERI,2020,3555868
233,Estonia,EST,1990,1570674
233,Estonia,EST,2000,1396877
233,Estonia,EST,2010,1331535
233,Estonia,EST,2020,1329444
234,Faroe Islands,FRO,1990,47479
234,Faroe Islands,FRO,2000,45660
234,Faroe Islands,FRO,2010,48410
234,Faroe Islands,FRO,2020,52415
238,Falkland Islands (Malvinas),FLK,1990,2332
238,Falkland Islands (Malvinas),FLK,2000,3080
238,Falkland Islands (Malvinas),FLK,2010,3187
238,Falkland Islands (Malvinas),FLK,2020,3747
242,Fiji,FJI,1990,780430
242,Fiji,FJI,2000,832509
242,Fiji,FJI,2010,905170
242,Fiji,FJI,2020,920422
246,Finland,FIN,1990,4986545
246,Finland,FIN,2000,5176209
246,Finland,FIN,2010,5363272
246,Finland,FIN,2020,5529468
250,France,FRA,1990,56412897
250,France,FRA,2000,58665453
250,France,FRA,2010,62444567
250,France,FRA,2020,64480053
254,French Guiana,GUF,1990,113932
254,French Guiana,GUF,2000,164352
254,French Guiana,GUF,2010,228454
254,French Guiana,GUF,2020,290970
258,French Polynesia,PYF,1990,211090
258,French Polynesia,PYF,2000,250927
258,French Polynesia,PYF,2010,283788
258,French Polynesia,PYF,2020,301920
262,Djibouti,DJI,1990,577174
262,Djibouti,DJI,2000,742033
262,Djibouti,DJI,2010,919200
262,Djibouti,DJI,2020,1090156
266,Gabon,GAB,1990,983028
266,Gabon,GAB,2000,1272935
266,Gabon,GAB,2010,1711105
266,Gabon,GAB,2020,2292573
268,Georgia,GEO,1990,5391636
268,Georgia,GEO,2000,4265172
268,Georgia,GEO,2010,3836831
268,Georgia,GEO,2020,3765912
270,Gambia,GMB,1990,1040616
270,Gambia,GMB,2000,1437539
270,Gambia,GMB,2010,1937275
270,Gambia,GMB,2020,2573995
275,State of Palestine,PSE,1990,2124609
275,State of Palestine,PSE,2000,3139954
275,State of Palestine,PSE,2010,3992278
275,State of Palestine,PSE,2020,5019402
276,Germany,DEU,1990,79370196
276,Germany,DEU,2000,81551677
276,Germany,DEU,2010,81325090
276,Germany,DEU,2020,83328988
288,Ghana,GHA,1990,15446982
288,Ghana,GHA,2000,19665502
288,Ghana,GHA,2010,25574719
288,Ghana,GHA,2020,32180402
292,Gibraltar,GIB,1990,27317
292,Gibraltar,GIB,2000,27742
292,Gibraltar,GIB,2010,31262
292,Gibraltar,GIB,2020,32709
296,Kiribati,KIR,1990,75124
296,Kiribati,KIR,2000,88826
296,Kiribati,KIR,2010,107995
296,Kiribati,KIR,2020,126464
300,Greece,GRC,1990,10302255
300,Greece,GRC,2000,11038109
300,Greece,GRC,2010,11033783
300,Greece,GRC,2020,10512232
304,Greenland,GRL,1990,55599
304,Greenland,GRL,2000,56184
304,Greenland,GRL,2010,56351
304,Greenland,GRL,2020,56027
308,Grenada,GRD,1990,99047
308,Grenada,GRD,2000,107432
308,Grenada,GRD,2010,114039
308,Grenada,GRD,2020,123663
312,Guadeloupe,GLP,1990,391951
312,Guadeloupe,GLP,2000,424067
312,Guadeloupe,GLP,2010,403072
312,Guadeloupe,GLP,2020,395642
316,Guam,GUM,1990,138264
316,Guam,GUM,2000,160188
316,Guam,GUM,2010,164905
316,Guam,GUM,2020,169231
320,Guatemala,GTM,1990,9084780
320,Guatemala,GTM,2000,11735894
320,Guatemala,GTM,2010,14543121
320,Guatemala,GTM,2020,17362719
324,Guinea,GIN,1990,6354145
324,Guinea,GIN,2000,8336967
324,Guinea,GIN,2010,10270728
324,Guinea,GIN,2020,13205153
328,Guyana,GUY,1990,747117
328,Guyana,GUY,2000,759051
328,Guyana,GUY,2010,747932
328,Guyana,GUY,2020,797202
332,Haiti,HTI,1990,6925331
332,Haiti,HTI,2000,8360225
332,Haiti,HTI,2010,9842880
332,Haiti,HTI,2020,11306802
340,Honduras,HND,1990,5053234
340,Honduras,HND,2000,6656725
340,Honduras,HND,2010,8450933
340,Honduras,HND,2020,10121763
344,"China, Hong Kong SAR",HKG,1990,5838574
344,"China, Hong Kong SAR",HKG,2000,6731195
344,"China, Hong Kong SAR",HKG,2010,7132438
344,"China, Hong Kong SAR",HKG,2020,7500958
348,Hungary,HUN,1990,10375990
348,Hungary,HUN,2000,10202055
348,Hungary,HUN,2010,9986825
348,Hungary,HUN,2020,9750573
352,Iceland,ISL,1990,255020
352,Iceland,ISL,2000,281462
352,Iceland,ISL,2010,318333
352,Iceland,ISL,2020,366669
356,India,IND,1990,870452165
356,India,IND,2000,1059633675
356,India,IND,2010,1240613620
356,India,IND,2020,1396387127
360,Indonesia,IDN,1990,182159874
360,Indonesia,IDN,2000,214072422
360,Indonesia,IDN,2010,244016173
360,Indonesia,IDN,2020,271857971
364,Iran (Islamic Republic of),IRN,1990,55793629
364,Iran (Islamic Republic of),IRN,2000,65544383
364,Iran (Islamic Republic of),IRN,2010,75373855
364,Iran (Islamic Republic of),IRN,2020,87290193
368,Iraq,IRQ,1990,17658382
368,Iraq,IRQ,2000,24628858
368,Iraq,IRQ,2010,31264875
368,Iraq,IRQ,2020,42556984
372,Ireland,IRL,1990,3485375
372,Ireland,IRL,2000,3768951
372,Ireland,IRL,2010,4524585
372,Ireland,IRL,2020,4946119
376,Israel,ISR,1990,4803254
376,Israel,ISR,2000,6116958
376,Israel,ISR,2010,7328445
376,Israel,ISR,2020,8757490
380,Italy,ITA,1990,56756561
380,Italy,ITA,2000,56966398
380,Italy,ITA,2010,59822450
380,Italy,ITA,2020,59500579
384,Côte d'Ivoire,CIV,1990,11910541
384,Côte d'Ivoire,CIV,2000,16799670
384,Côte d'Ivoire,CIV,2010,21120042
384,Côte d'Ivoire,CIV,2020,26811791
388,Jamaica,JAM,1990,2392030
388,Jamaica,JAM,2000,2612205
388,Jamaica,JAM,2010,2733896
388,Jamaica,JAM,2020,2820436
392,Japan,JPN,1990,123686321
392,Japan,JPN,2000,126803861
392,Japan,JPN,2010,128105431
392,Japan,JPN,2020,125244761
398,Kazakhstan,KAZ,1990,16866563
398,Kazakhstan,KAZ,2000,15236253
398,Kazakhstan,KAZ,2010,16627837
398,Kazakhstan,KAZ,2020,18979243
400,Jordan,JOR,1990,3480587
400,Jordan,JOR,2000,5056174
400,Jordan,JOR,2010,6931259
400,Jordan,JOR,2020,10928721
404,Kenya,KEN,1990,23162270
404,Kenya,KEN,2000,30851606
404,Kenya,KEN,2010,41517896
404,Kenya,KEN,2020,51985780
408,Dem. People's Rep. of Korea,PRK,1990,20799524
408,Dem. People's Rep. of Korea,PRK,2000,23367060
408,Dem. People's Rep. of Korea,PRK,2010,24686436
408,Dem. People's Rep. of Korea,PRK,2020,25867467
410,Republic of Korea,KOR,1990,44120039
410,Republic of Korea,KOR,2000,46788591
410,Republic of Korea,KOR,2010,48813042
410,Republic of Korea,KOR,2020,51844691
412,Kosovo (under UNSC res. 1244),XKX,1990,1964986
412,Kosovo (under UNSC res. 1244),XKX,2000,1823287
412,Kosovo (under UNSC res. 1244),XKX,2010,1792563
412,Kosovo (under UNSC res. 1244),XKX,2020,1670699
414,Kuwait,KWT,1990,1674938
414,Kuwait,KWT,2000,1934902
414,Kuwait,KWT,2010,2943357
414,Kuwait,KWT,2020,4360445
417,Kyrgyzstan,KGZ,1990,4394734
417,Kyrgyzstan,KGZ,2000,4935182
417,Kyrgyzstan,KGZ,2010,5483774
417,Kyrgyzstan,KGZ,2020,6424874
418,Lao People's Dem. Republic,LAO,1990,4314443
418,Lao People's Dem. Republic,LAO,2000,5430853
418,Lao People's Dem. Republic,LAO,2010,6323419
418,Lao People's Dem. Republic,LAO,2020,7319399
422,Lebanon,LBN,1990,3593700
422,Lebanon,LBN,2000,4320642
422,Lebanon,LBN,2010,4995800
422,Lebanon,LBN,2020,5662924
426,Lesotho,LSO,1990,1798997
426,Lesotho,LSO,2000,1998630
426,Lesotho,LSO,2010,2022747
426,Lesotho,LSO,2020,2254100
428,Latvia,LVA,1990,2689391
428,Latvia,LVA,2000,2392530
428,Latvia,LVA,2010,2101531
428,Latvia,LVA,2020,1897052
430,Liberia,LBR,1990,2209731
430,Liberia,LBR,2000,2895224
430,Liberia,LBR,2010,4019956
430,Liberia,LBR,2020,5087585
434,Libya,LBY,1990,4236983
434,Libya,LBY,2000,5154790
434,Libya,LBY,2010,6491988
434,Libya,LBY,2020,6653942
438,Liechtenstein,LIE,1990,28765
438,Liechtenstein,LIE,2000,33027
438,Liechtenstein,LIE,2010,35926
438,Liechtenstein,LIE,2020,38756
440,Lithuania,LTU,1990,3785847
440,Lithuania,LTU,2000,3599637
440,Lithuania,LTU,2010,3139019
440,Lithuania,LTU,2020,2820267
442,Luxembourg,LUX,1990,381267
442,Luxembourg,LUX,2000,435628
442,Luxembourg,LUX,2010,507070
442,Luxembourg,LUX,2020,630400
446,"China, Macao SAR",MAC,1990,350227
446,"China, Macao SAR",MAC,2000,431896
446,"China, Macao SAR",MAC,2010,557297
446,"China, Macao SAR",MAC,2020,676283
450,Madagascar,MDG,1990,11882762
450,Madagascar,MDG,2000,16216431
450,Madagascar,MDG,2010,21731053
450,Madagascar,MDG,2020,28225177
454,Malawi,MWI,1990,9539665
454,Malawi,MWI,2000,11229387
454,Malawi,MWI,2010,14718422
454,Malawi,MWI,2020,19377062
458,Malaysia,MYS,1990,17517055
458,Malaysia,MYS,2000,22945150
458,Malaysia,MYS,2010,28717731
458,Malaysia,MYS,2020,33199993
462,Maldives,MDV,1990,224957
462,Maldives,MDV,2000,282507
462,Maldives,MDV,2010,361575
462,Maldives,MDV,2020,514438
466,Mali,MLI,1990,8945026
466,Mali,MLI,2000,11239101
466,Mali,MLI,2010,15529181
466,Mali,MLI,2020,21224040
470,Malta,MLT,1990,365392
470,Malta,MLT,2000,399212
470,Malta,MLT,2010,418755
470,Malta,MLT,2020,515358
474,Martinique,MTQ,1990,374271
474,Martinique,MTQ,2000,432544
474,Martinique,MTQ,2010,392181
474,Martinique,MTQ,2020,370391
478,Mauritania,MRT,1990,2006027
478,Mauritania,MRT,2000,2695004
478,Mauritania,MRT,2010,3419461
478,Mauritania,MRT,2020,4498604
480,Mauritius,MUS,1990,1090290
480,Mauritius,MUS,2000,1215931
480,Mauritius,MUS,2010,1283330
480,Mauritius,MUS,2020,1297828
484,Mexico,MEX,1990,81720428
484,Mexico,MEX,2000,97873442
484,Mexico,MEX,2010,112532401
484,Mexico,MEX,2020,125998302
492,Monaco,MCO,1990,30329
492,Monaco,MCO,2000,32466
492,Monaco,MCO,2010,33179
492,Monaco,MCO,2020,36922
496,Mongolia,MNG,1990,2161433
496,Mongolia,MNG,2000,2450980
496,Mongolia,MNG,2010,2702520
496,Mongolia,MNG,2020,3294335
498,Republic of Moldova,MDA,1990,4480199
498,Republic of Moldova,MDA,2000,4251573
498,Republic of Moldova,MDA,2010,3678186
498,Republic of Moldova,MDA,2020,3084847
499,Montenegro,MNE,1990,621442
499,Montenegro,MNE,2000,633325
499,Montenegro,MNE,2010,631044
499,Montenegro,MNE,2020,629048
500,Montserrat,MSR,1990,10805
500,Montserrat,MSR,2000,5138
500,Montserrat,MSR,2010,4938
500,Montserrat,MSR,2020,4500
504,Morocco,MAR,1990,24570814
504,Morocco,MAR,2000,28554416
504,Morocco,MAR,2010,32464865
504,Morocco,MAR,2020,36688772
508,Mozambique,MOZ,1990,13303459
508,Mozambique,MOZ,2000,17768506
508,Mozambique,MOZ,2010,23073723
508,Mozambique,MOZ,2020,31178239
512,Oman,OMN,1990,1804524
512,Oman,OMN,2000,2344254
512,Oman,OMN,2010,2881915
512,Oman,OMN,2020,4543399
516,Namibia,NAM,1990,1369011
516,Namibia,NAM,2000,1819141
516,Namibia,NAM,2010,2099271
516,Namibia,NAM,2020,2489098
520,Nauru,NRU,1990,9598
520,Nauru,NRU,2000,10377
520,Nauru,NRU,2010,10241
520,Nauru,NRU,2020,12315
524,Nepal,NPL,1990,19616530
524,Nepal,NPL,2000,24559501
524,Nepal,NPL,2010,27161567
524,Nepal,NPL,2020,29348628
528,Netherlands,NLD,1990,14944548
528,Netherlands,NLD,2000,15899135
528,Netherlands,NLD,2010,16617117
528,Netherlands,NLD,2020,17434558
531,Curaçao,CUW,1990,155446
531,Curaçao,CUW,2000,141424
531,Curaçao,CUW,2010,159380
531,Curaçao,CUW,2020,189289
533,Aruba,ABW,1990,65712
533,Aruba,ABW,2000,89101
533,Aruba,ABW,2010,100342
533,Aruba,ABW,2020,106585
534,Sint Maarten (Dutch part),SXM,1990,27845
534,Sint Maarten (Dutch part),SXM,2000,30490
534,Sint Maarten (Dutch part),SXM,2010,33034
534,Sint Maarten (Dutch part),SXM,2020,43622
535,"Bonaire, Sint Eustatius and Saba",BES,1990,12604
535,"Bonaire, Sint Eustatius and Saba",BES,2000,13961
535,"Bonaire, Sint Eustatius and Saba",BES,2010,20224
535,"Bonaire, Sint Eustatius and Saba",BES,2020,26153
540,New Caledonia,NCL,1990,177264
540,New Caledonia,NCL,2000,221537
540,New Caledonia,NCL,2010,261426
540,New Caledonia,NCL,2020,286403
548,Vanuatu,VUT,1990,150883
548,Vanuatu,VUT,2000,192074
548,Vanuatu,VUT,2010,245453
548,Vanuatu,VUT,2020,311685
554,New Zealand,NZL,1990,3397389
554,New Zealand,NZL,2000,3855266
554,New Zealand,NZL,2010,4346339
554,New Zealand,NZL,2020,5061134
558,Nicaragua,NIC,1990,4227820
558,Nicaragua,NIC,2000,5123223
558,Nicaragua,NIC,2010,5855734
558,Nicaragua,NIC,2020,6755896
562,Niger,NER,1990,8370648
562,Niger,NER,2000,11622665
562,Niger,NER,2010,16647544
562,Niger,NER,2020,24333639
566,Nigeria,NGA,1990,95214257
566,Nigeria,NGA,2000,122851984
566,Nigeria,NGA,2010,160952854
566,Nigeria,NGA,2020,208327405
570,Niue,NIU,1990,2533
570,Niue,NIU,2000,2074
570,Niue,NIU,2010,1812
570,Niue,NIU,2020,1943
578,Norway,NOR,1990,4241636
578,Norway,NOR,2000,4491202
578,Norway,NOR,2010,4889741
578,Norway,NOR,2020,5379839
580,Northern Mariana Islands,MNP,1990,48003
580,Northern Mariana Islands,MNP,2000,80339
580,Northern Mariana Islands,MNP,2010,54088
580,Northern Mariana Islands,MNP,2020,49587
583,Micronesia (Fed. States of),FSM,1990,98603
583,Micronesia (Fed. States of),FSM,2000,111709
583,Micronesia (Fed. States of),FSM,2010,107588
583,Micronesia (Fed. States of),FSM,2020,112107
584,Marshall Islands,MHL,1990,46048
584,Marshall Islands,MHL,2000,54225
584,Marshall Islands,MHL,2010,53416
584,Marshall Islands,MHL,2020,43414
585,Palau,PLW,1990,15294
585,Palau,PLW,2000,19726
585,Palau,PLW,2010,18540
585,Palau,PLW,2020,17972
586,Pakistan,PAK,1990,115414070
586,Pakistan,PAK,2000,154369924
586,Pakistan,PAK,2010,194454498
586,Pakistan,PAK,2020,227196741
591,Panama,PAN,1990,2449968
591,Panama,PAN,2000,3001732
591,Panama,PAN,2010,3623618
591,Panama,PAN,2020,4294397
598,Papua New Guinea,PNG,1990,3864973
598,Papua New Guinea,PNG,2000,5508298
598,Papua New Guinea,PNG,2010,7583269
598,Papua New Guinea,PNG,2020,9749640
600,Paraguay,PRY,1990,4059195
600,Paraguay,PRY,2000,5123819
600,Paraguay,PRY,2010,5768613
600,Paraguay,PRY,2020,6618695
604,Peru,PER,1990,22109099
604,Peru,PER,2000,26654439
604,Peru,PER,2010,29229572
604,Peru,PER,2020,33304756
608,Philippines,PHL,1990,61558898
608,Philippines,PHL,2000,77958224
608,Philippines,PHL,2010,94636700
608,Philippines,PHL,2020,112190978
616,Poland,POL,1990,38064255
616,Poland,POL,2000,38504431
616,Poland,POL,2010,38597353
616,Poland,POL,2020,38428367
620,Portugal,PRT,1990,10007346
620,Portugal,PRT,2000,10300626
620,Portugal,PRT,2010,10588401
620,Portugal,PRT,2020,10298192
624,Guinea-Bissau,GNB,1990,973551
624,Guinea-Bissau,GNB,2000,1230849
624,Guinea-Bissau,GNB,2010,1567221
624,Guinea-Bissau,GNB,2020,2015828
626,Timor-Leste,TLS,1990,758106
626,Timor-Leste,TLS,2000,878360
626,Timor-Leste,TLS,2010,1088487
626,Timor-Leste,TLS,2020,1299995
630,Puerto Rico,PRI,1990,3543776
630,Puerto Rico,PRI,2000,3827109
630,Puerto Rico,PRI,2010,3717922
630,Puerto Rico,PRI,2020,3271565
634,Qatar,QAT,1990,441675
634,Qatar,QAT,2000,645937
634,Qatar,QAT,2010,1713504
634,Qatar,QAT,2020,2760385
638,Réunion,REU,1990,658992
638,Réunion,REU,2000,785424
638,Réunion,REU,2010,890131
638,Réunion,REU,2020,957823
642,Romania,ROU,1990,22836234
642,Romania,ROU,2000,21919877
642,Romania,ROU,2010,20335211
642,Romania,ROU,2020,19442039
643,Russian Federation,RUS,1990,148005704
643,Russian Federation,RUS,2000,146844839
643,Russian Federation,RUS,2010,143242599
643,Russian Federation,RUS,2020,145617329
646,Rwanda,RWA,1990,7319963
646,Rwanda,RWA,2000,8109989
646,Rwanda,RWA,2010,10309031
646,Rwanda,RWA,2020,13146362
652,Saint Barthélemy,BLM,1990,5169
652,Saint Barthélemy,BLM,2000,7082
652,Saint Barthélemy,BLM,2010,8988
652,Saint Barthélemy,BLM,2020,10681
654,Saint Helena,SHN,1990,6608
654,Saint Helena,SHN,2000,6025
654,Saint Helena,SHN,2010,5321
654,Saint Helena,SHN,2020,5421
659,Saint Kitts and Nevis,KNA,1990,40636
659,Saint Kitts and Nevis,KNA,2000,45461
659,Saint Kitts and Nevis,KNA,2010,47403
659,Saint Kitts and Nevis,KNA,2020,47643
660,Anguilla,AIA,1990,8316
660,Anguilla,AIA,2000,11048
660,Anguilla,AIA,2010,13172
660,Anguilla,AIA,2020,15585
662,Saint Lucia,LCA,1990,142301
662,Saint Lucia,LCA,2000,159500
662,Saint Lucia,LCA,2010,170935
662,Saint Lucia,LCA,2020,179237
663,Saint Martin (French part),MAF,1990,28127
663,Saint Martin (French part),MAF,2000,29610
663,Saint Martin (French part),MAF,2010,36458
663,Saint Martin (French part),MAF,2020,32553
666,Saint Pierre and Miquelon,SPM,1990,6324
666,Saint Pierre and Miquelon,SPM,2000,6274
666,Saint Pierre and Miquelon,SPM,2010,6052
666,Saint Pierre and Miquelon,SPM,2020,5906
670,Saint Vincent and the Grenadines,VCT,1990,112488
670,Saint Vincent and the Grenadines,VCT,2000,113813
670,Saint Vincent and the Grenadines,VCT,2010,109308
670,Saint Vincent and the Grenadines,VCT,2020,104633
674,San Marino,SMR,1990,23132
674,San Marino,SMR,2000,26823
674,San Marino,SMR,2010,31608
674,San Marino,SMR,2020,34007
678,Sao Tome and Principe,STP,1990,120343
678,Sao Tome and Principe,STP,2000,143714
678,Sao Tome and Principe,STP,2010,182139
678,Sao Tome and Principe,STP,2020,218641
682,Saudi Arabia,SAU,1990,16004763
682,Saudi Arabia,SAU,2000,21547390
682,Saudi Arabia,SAU,2010,29411929
682,Saudi Arabia,SAU,2020,35997107
686,Senegal,SEN,1990,7536001
686,Senegal,SEN,2000,9704287
686,Senegal,SEN,2010,12530122
686,Senegal,SEN,2020,16436120
688,Serbia,SRB,1990,7987529
688,Serbia,SRB,2000,7935022
688,Serbia,SRB,2010,7653749
688,Serbia,SRB,2020,7358005
690,Seychelles,SYC,1990,71057
690,Seychelles,SYC,2000,80060
690,Seychelles,SYC,2010,92409
690,Seychelles,SYC,2020,105530
694,Sierra Leone,SLE,1990,4325388
694,Sierra Leone,SLE,2000,4584067
694,Sierra Leone,SLE,2010,6436698
694,Sierra Leone,SLE,2020,8233970
702,Singapore,SGP,1990,3022209
702,Singapore,SGP,2000,4053603
702,Singapore,SGP,2010,5163590
702,Singapore,SGP,2020,5909870
703,Slovakia,SVK,1990,5261305
703,Slovakia,SVK,2000,5376690
703,Slovakia,SVK,2010,5396424
703,Slovakia,SVK,2020,5456681
704,Viet Nam,VNM,1990,66912613
704,Viet Nam,VNM,2000,79001142
704,Viet Nam,VNM,2010,87411012
704,Viet Nam,VNM,2020,96648685
705,Slovenia,SVN,1990,1986024
705,Slovenia,SVN,2000,1984339
705,Slovenia,SVN,2010,2057288
705,Slovenia,SVN,2020,2117641
706,Somalia,SOM,1990,6999096
706,Somalia,SOM,2000,8721465
706,Somalia,SOM,2010,12026650
706,Somalia,SOM,2020,16537016
710,South Africa,ZAF,1990,39877570
710,South Africa,ZAF,2000,46813266
710,South Africa,ZAF,2010,51784922
710,South Africa,ZAF,2020,58801927
716,Zimbabwe,ZWE,1990,10113893
716,Zimbabwe,ZWE,2000,11834677
716,Zimbabwe,ZWE,2010,12839771
716,Zimbabwe,ZWE,2020,15669666
724,Spain,ESP,1990,38889889
724,Spain,ESP,2000,40741652
724,Spain,ESP,2010,46572773
724,Spain,ESP,2020,47363807
728,South Sudan,SSD,1990,4750817
728,South Sudan,SSD,2000,6114441
728,South Sudan,SSD,2010,9714420
728,South Sudan,SSD,2020,10606227
729,Sudan,SDN,1990,21090886
729,Sudan,SDN,2000,26298773
729,Sudan,SDN,2010,33739933
729,Sudan,SDN,2020,44440486
732,Western Sahara,ESH,1990,178529
732,Western Sahara,ESH,2000,270375
732,Western Sahara,ESH,2010,413297
732,Western Sahara,ESH,2020,556048
740,Suriname,SUR,1990,412756
740,Suriname,SUR,2000,478999
740,Suriname,SUR,2010,546080
740,Suriname,SUR,2020,607065
748,Eswatini,SWZ,1990,854011
748,Eswatini,SWZ,2000,1030497
748,Eswatini,SWZ,2010,1099920
748,Eswatini,SWZ,2020,1180655
752,Sweden,SWE,1990,8548406
752,Sweden,SWE,2000,8871044
752,Sweden,SWE,2010,9381730
752,Sweden,SWE,2020,10368970
756,Switzerland,CHE,1990,6711693
756,Switzerland,CHE,2000,7182059
756,Switzerland,CHE,2010,7822436
756,Switzerland,CHE,2020,8638613
760,Syrian Arab Republic,SYR,1990,12408997
760,Syrian Arab Republic,SYR,2000,16307654
760,Syrian Arab Republic,SYR,2010,22337563
760,Syrian Arab Republic,SYR,2020,20772596
762,Tajikistan,TJK,1990,5417861
762,Tajikistan,TJK,2000,6272999
762,Tajikistan,TJK,2010,7621780
762,Tajikistan,TJK,2020,9543207
764,Thailand,THA,1990,55228410
764,Thailand,THA,2000,63066603
764,Thailand,THA,2010,68270490
764,Thailand,THA,2020,71475665
768,Togo,TGO,1990,3875947
768,Togo,TGO,2000,5008036
768,Togo,TGO,2010,6571855
768,Togo,TGO,2020,8442580
772,Tokelau,TKL,1990,1669
772,Tokelau,TKL,2000,1666
772,Tokelau,TKL,2010,1367
772,Tokelau,TKL,2020,1827
776,Tonga,TON,1990,98727
776,Tonga,TON,2000,102603
776,Tonga,TON,2010,107384
776,Tonga,TON,2020,105254
780,Trinidad and Tobago,TTO,1990,1266519
780,Trinidad and Tobago,TTO,2000,1332203
780,Trinidad and Tobago,TTO,2010,1410296
780,Trinidad and Tobago,TTO,2020,1518147
784,United Arab Emirates,ARE,1990,1900152
784,United Arab Emirates,ARE,2000,3275333
784,United Arab Emirates,ARE,2010,8481771
784,United Arab Emirates,ARE,2020,9287289
788,Tunisia,TUN,1990,8440024
788,Tunisia,TUN,2000,9893316
788,Tunisia,TUN,2010,10895063
788,Tunisia,TUN,2020,12161723
792,Türkiye,TUR,1990,54324142
792,Türkiye,TUR,2000,64113547
792,Türkiye,TUR,2010,73195345
792,Türkiye,TUR,2020,84135428
795,Turkmenistan,TKM,1990,3720279
795,Turkmenistan,TKM,2000,4569132
795,Turkmenistan,TKM,2010,5267970
795,Turkmenistan,TKM,2020,6250438
796,Turks and Caicos Islands,TCA,1990,11709
796,Turks and Caicos Islands,TCA,2000,18745
796,Turks and Caicos Islands,TCA,2010,29726
796,Turks and Caicos Islands,TCA,2020,44277
798,Tuvalu,TUV,1990,9183
798,Tuvalu,TUV,2000,9638
798,Tuvalu,TUV,2010,10550
798,Tuvalu,TUV,2020,11069
800,Uganda,UGA,1990,17586630
800,Uganda,UGA,2000,24020698
800,Uganda,UGA,2010,32341728
800,Uganda,UGA,2020,44404611
804,Ukraine,UKR,1990,51589817
804,Ukraine,UKR,2000,48879756
804,Ukraine,UKR,2010,45683020
804,Ukraine,UKR,2020,43909667
807,North Macedonia,MKD,1990,2044174
807,North Macedonia,MKD,2000,2037936
807,North Macedonia,MKD,2010,2093828
807,North Macedonia,MKD,2020,2111072
818,Egypt,EGY,1990,57214631
818,Egypt,EGY,2000,71371372
818,Egypt,EGY,2010,87252414
818,Egypt,EGY,2020,107465134
826,United Kingdom,GBR,1990,57210443
826,United Kingdom,GBR,2000,58850044
826,United Kingdom,GBR,2010,62760039
826,United Kingdom,GBR,2020,67059474
831,Guernsey,GGY,1990,57728
831,Guernsey,GGY,2000,59114
831,Guernsey,GGY,2010,60782
831,Guernsey,GGY,2020,62794
832,Jersey,JEY,1990,82874
832,Jersey,JEY,2000,86193
832,Jersey,JEY,2010,96151
832,Jersey,JEY,2020,108319
833,Isle of Man,IMN,1990,68866
833,Isle of Man,IMN,2000,75562
833,Isle of Man,IMN,2010,83828
833,Isle of Man,IMN,2020,84046
834,United Republic of Tanzania,TZA,1990,26206012
834,United Republic of Tanzania,TZA,2000,34463704
834,United Republic of Tanzania,TZA,2010,45110528
834,United Republic of Tanzania,TZA,2020,61704518
840,United States of America,USA,1990,248083732
840,United States of America,USA,2000,282398554
840,United States of America,USA,2010,311182845
840,United States of America,USA,2020,335942004
850,United States Virgin Islands,VIR,1990,100685
850,United States Virgin Islands,VIR,2000,108185
850,United States Virgin Islands,VIR,2010,106142
850,United States Virgin Islands,VIR,2020,100443
854,Burkina Faso,BFA,1990,9131361
854,Burkina Faso,BFA,2000,11882888
854,Burkina Faso,BFA,2010,16116845
854,Burkina Faso,BFA,2020,21522626
858,Uruguay,URY,1990,3117013
858,Uruguay,URY,2000,3292225
858,Uruguay,URY,2010,3352651
858,Uruguay,URY,2020,3429087
860,Uzbekistan,UZB,1990,20579100
860,Uzbekistan,UZB,2000,24925555
860,Uzbekistan,UZB,2010,28614227
860,Uzbekistan,UZB,2020,33526656
862,Venezuela (Bolivarian Republic of),VEN,1990,19750579
862,Venezuela (Bolivarian Republic of),VEN,2000,24427729
862,Venezuela (Bolivarian Republic of),VEN,2010,28715022
862,Venezuela (Bolivarian Republic of),VEN,2020,28490454
876,Wallis and Futuna Islands,WLF,1990,13455
876,Wallis and Futuna Islands,WLF,2000,14723
876,Wallis and Futuna Islands,WLF,2010,13142
876,Wallis and Futuna Islands,WLF,2020,11655
882,Samoa,WSM,1990,168186
882,Samoa,WSM,2000,184008
882,Samoa,WSM,2010,194672
882,Samoa,WSM,2020,214930
887,Yemen,YEM,1990,13375121
887,Yemen,YEM,2000,18628701
887,Yemen,YEM,2010,24743946
887,Yemen,YEM,2020,32284046
894,Zambia,ZMB,1990,7686401
894,Zambia,ZMB,2000,9891136
894,Zambia,ZMB,2010,13792087
894,Zambia,ZMB,2020,18927715
